Time,A1,A2,B1,B2,C1,C2,D1,D2,E1,E2,F1,F2,G1,G2,H1,H2,A3,A4,B3,B4,C3,C4,D3,D4,E3,E4,F3,F4,G3,G4,H3,H4,A5,A6,B5,B6,C5,C6,D5,D6,E5,E6,F5,F6,G5,G6,H5,H6,A9,A10,B9,B10,C9,C10,D9,D10,E9,E10,F9,F10,G9,G10,H9,H10,A11,A12,B11,B12,C11,C12,D11,D12,E11,E12,F11,F12,G11,G12,H11,H12,A7,A8,B7,B8,C7,C8,D7,D8,E7,E8,F7,F8,G7,G8,H7,H8
0:05:02,0.0012,0.0012,0.0082,0.0072,0.0092,0.0122,0.0082,0.0082,0.0062,0.0072,0.0072,0.0062,0.0082,0.0082,0.0062,0.0072,0.0002,0.0012,0.0042,0.0052,0.0042,0.0052,0.0052,0.0052,0.0042,0.0072,0.0042,0.0042,0.0082,0.0032,0.0042,0.0042,-0.0008,-0.0028,0.0082,0.0042,0.0052,0.0052,0.0072,0.0042,0.0052,0.0052,0.0062,0.0042,0.0052,0.0042,0.0062,0.0032,0.0008,-0.0002,0.0078,0.0068,0.0068,0.0068,0.0068,0.0068,0.0058,0.0058,0.0058,0.0058,0.0068,0.0058,0.0058,0.0058,-0.0002,-0.0002,0.0068,0.0118,0.0078,0.0078,0.0078,0.0068,0.0068,0.0068,0.0168,0.0068,0.0068,0.0078,0.0078,0.0058,-0.0012,0.0008,0.0088,0.0098,0.0098,0.0098,0.0108,0.0098,0.0098,0.0088,0.0088,0.0088,0.0078,0.0088,0.0068,0.0088
0:35:02,0.0022,0.0032,0.0092,0.0082,0.0092,0.0132,0.0082,0.0092,0.0072,0.0072,0.0082,0.0072,0.0102,0.0092,0.0072,0.0082,0.0012,0.0012,0.0052,0.0062,0.0052,0.0052,0.0062,0.0062,0.0042,0.0082,0.0052,0.0052,0.0092,0.0042,0.0052,0.0052,-0.0008,-0.0018,0.0102,0.0052,0.0062,0.0052,0.0082,0.0052,0.0062,0.0062,0.0062,0.0042,0.0062,0.0052,0.0072,0.0032,0.0018,0.0008,0.0078,0.0078,0.0068,0.0078,0.0068,0.0068,0.0068,0.0068,0.0068,0.0068,0.0078,0.0068,0.0068,0.0068,-0.0002,0.0008,0.0068,0.0118,0.0078,0.0078,0.0088,0.0068,0.0078,0.0068,0.0178,0.0078,0.0068,0.0088,0.0088,0.0068,-0.0002,0.0018,0.0088,0.0108,0.0108,0.0108,0.0118,0.0108,0.0108,0.0098,0.0098,0.0098,0.0088,0.0098,0.0078,0.0098
1:05:02,0.0032,0.0032,0.0112,0.0102,0.0122,0.0162,0.0102,0.0112,0.0092,0.0102,0.0102,0.0092,0.0122,0.0112,0.0082,0.0102,0.0012,0.0022,0.0052,0.0072,0.0062,0.0072,0.0062,0.0062,0.0052,0.0092,0.0052,0.0062,0.0092,0.0062,0.0052,0.0062,0.0002,-0.0018,0.0102,0.0062,0.0082,0.0072,0.0082,0.0052,0.0082,0.0082,0.0072,0.0052,0.0082,0.0062,0.0082,0.0042,0.0018,0.0018,0.0088,0.0088,0.0078,0.0078,0.0078,0.0078,0.0078,0.0078,0.0068,0.0068,0.0088,0.0068,0.0078,0.0068,0.0008,0.0018,0.0078,0.0118,0.0088,0.0088,0.0088,0.0078,0.0088,0.0078,0.0178,0.0078,0.0078,0.0088,0.0088,0.0078,-0.0002,0.0018,0.0108,0.0128,0.0128,0.0128,0.0138,0.0128,0.0138,0.0118,0.0118,0.0118,0.0108,0.0118,0.0098,0.0118
1:35:02,0.0032,0.0042,0.0152,0.0132,0.0152,0.0202,0.0142,0.0142,0.0122,0.0142,0.0132,0.0122,0.0172,0.0142,0.0122,0.0132,0.0022,0.0022,0.0052,0.0072,0.0062,0.0082,0.0072,0.0062,0.0052,0.0102,0.0062,0.0072,0.0102,0.0062,0.0052,0.0062,0.0002,-0.0018,0.0112,0.0072,0.0092,0.0082,0.0092,0.0062,0.0092,0.0092,0.0082,0.0052,0.0102,0.0072,0.0082,0.0042,0.0018,0.0018,0.0088,0.0088,0.0078,0.0088,0.0078,0.0078,0.0088,0.0078,0.0078,0.0068,0.0088,0.0068,0.0078,0.0078,0.0008,0.0018,0.0078,0.0128,0.0098,0.0088,0.0098,0.0078,0.0088,0.0078,0.0188,0.0088,0.0078,0.0098,0.0098,0.0078,0.0008,0.0028,0.0138,0.0158,0.0168,0.0168,0.0168,0.0158,0.0178,0.0158,0.0148,0.0158,0.0148,0.0158,0.0128,0.0158
2:05:02,0.0032,0.0042,0.0182,0.0172,0.0212,0.0262,0.0192,0.0202,0.0182,0.0202,0.0202,0.0192,0.0232,0.0202,0.0182,0.0192,0.0022,0.0022,0.0052,0.0072,0.0062,0.0082,0.0072,0.0062,0.0052,0.0102,0.0062,0.0072,0.0102,0.0062,0.0062,0.0062,0.0002,-0.0018,0.0122,0.0072,0.0092,0.0082,0.0092,0.0062,0.0092,0.0092,0.0082,0.0062,0.0112,0.0072,0.0092,0.0042,0.0018,0.0018,0.0088,0.0088,0.0078,0.0088,0.0078,0.0078,0.0088,0.0078,0.0078,0.0078,0.0088,0.0068,0.0078,0.0078,0.0008,0.0018,0.0088,0.0128,0.0098,0.0098,0.0098,0.0088,0.0098,0.0088,0.0198,0.0098,0.0088,0.0108,0.0098,0.0088,0.0008,0.0028,0.0148,0.0168,0.0208,0.0218,0.0228,0.0218,0.0228,0.0218,0.0208,0.0218,0.0198,0.0218,0.0188,0.0218
2:35:02,0.0032,0.0052,0.0142,0.0132,0.0222,0.0292,0.0282,0.0312,0.0282,0.0302,0.0302,0.0292,0.0342,0.0312,0.0282,0.0302,0.0022,0.0022,0.0052,0.0072,0.0062,0.0072,0.0072,0.0072,0.0052,0.0092,0.0062,0.0072,0.0102,0.0062,0.0062,0.0062,0.0002,-0.0018,0.0142,0.0092,0.0102,0.0092,0.0112,0.0082,0.0112,0.0102,0.0102,0.0082,0.0132,0.0082,0.0102,0.0062,0.0028,0.0018,0.0088,0.0088,0.0078,0.0088,0.0078,0.0078,0.0088,0.0078,0.0078,0.0078,0.0098,0.0078,0.0078,0.0078,0.0008,0.0018,0.0108,0.0148,0.0118,0.0118,0.0118,0.0098,0.0108,0.0098,0.0208,0.0108,0.0108,0.0118,0.0118,0.0098,-0.0002,0.0028,0.0118,0.0138,0.0198,0.0198,0.0288,0.0268,0.0328,0.0318,0.0318,0.0318,0.0298,0.0328,0.0288,0.0328
3:05:02,0.0032,0.0042,0.0102,0.0092,0.0152,0.0202,0.0292,0.0372,0.0392,0.0452,0.0462,0.0442,0.0492,0.0462,0.0432,0.0452,0.0022,0.0032,0.0052,0.0082,0.0062,0.0072,0.0072,0.0072,0.0062,0.0102,0.0062,0.0082,0.0112,0.0062,0.0062,0.0072,0.0002,-0.0018,0.0182,0.0132,0.0142,0.0132,0.0142,0.0112,0.0142,0.0142,0.0132,0.0112,0.0172,0.0122,0.0142,0.0092,0.0028,0.0018,0.0088,0.0088,0.0078,0.0088,0.0088,0.0088,0.0088,0.0078,0.0078,0.0078,0.0098,0.0078,0.0088,0.0078,0.0008,0.0018,0.0148,0.0188,0.0148,0.0148,0.0148,0.0128,0.0148,0.0128,0.0238,0.0138,0.0138,0.0158,0.0148,0.0128,0.0008,0.0028,0.0108,0.0128,0.0148,0.0148,0.0258,0.0238,0.0428,0.0438,0.0458,0.0468,0.0448,0.0478,0.0428,0.0478
3:35:02,0.0032,0.0052,0.0082,0.0072,0.0102,0.0152,0.0172,0.0192,0.0392,0.0592,0.0642,0.0622,0.0682,0.0642,0.0612,0.0642,0.0022,0.0032,0.0052,0.0082,0.0072,0.0082,0.0082,0.0072,0.0062,0.0102,0.0062,0.0082,0.0112,0.0062,0.0062,0.0072,0.0012,-0.0018,0.0262,0.0212,0.0212,0.0202,0.0202,0.0182,0.0192,0.0202,0.0192,0.0172,0.0232,0.0172,0.0192,0.0142,0.0028,0.0018,0.0088,0.0088,0.0088,0.0088,0.0088,0.0088,0.0098,0.0088,0.0088,0.0078,0.0098,0.0078,0.0088,0.0078,0.0008,0.0018,0.0228,0.0258,0.0218,0.0208,0.0198,0.0178,0.0198,0.0178,0.0298,0.0188,0.0198,0.0208,0.0208,0.0188,0.0008,0.0028,0.0098,0.0118,0.0118,0.0118,0.0178,0.0158,0.0348,0.0368,0.0628,0.0608,0.0628,0.0628,0.0608,0.0658
4:05:02,0.0032,0.0052,0.0082,0.0062,0.0092,0.0142,0.0092,0.0102,0.0212,0.0492,0.0962,0.0792,0.0982,0.0842,0.0822,0.0862,0.0022,0.0032,0.0052,0.0082,0.0072,0.0082,0.0082,0.0082,0.0072,0.0102,0.0072,0.0092,0.0122,0.0072,0.0072,0.0072,0.0012,-0.0018,0.0422,0.0352,0.0332,0.0322,0.0322,0.0292,0.0312,0.0312,0.0302,0.0282,0.0342,0.0282,0.0292,0.0232,0.0028,0.0018,0.0088,0.0088,0.0088,0.0088,0.0088,0.0088,0.0098,0.0088,0.0088,0.0088,0.0108,0.0088,0.0088,0.0088,0.0008,0.0018,0.0378,0.0398,0.0328,0.0298,0.0298,0.0238,0.0298,0.0258,0.0398,0.0278,0.0308,0.0308,0.0298,0.0278,0.0008,0.0028,0.0088,0.0108,0.0108,0.0108,0.0128,0.0118,0.0188,0.0178,0.0678,0.0508,0.0878,0.0568,0.0898,0.0978
4:35:02,0.0032,0.0042,0.0082,0.0062,0.0092,0.0132,0.0082,0.0092,0.0102,0.0242,0.1072,0.0512,0.1272,0.1072,0.1192,0.1282,0.0022,0.0032,0.0052,0.0082,0.0072,0.0082,0.0082,0.0082,0.0072,0.0112,0.0082,0.0102,0.0132,0.0072,0.0082,0.0082,0.0012,-0.0008,0.0832,0.0762,0.0562,0.0602,0.0562,0.0522,0.0512,0.0572,0.0522,0.0532,0.0532,0.0512,0.0462,0.0432,0.0028,0.0018,0.0088,0.0088,0.0088,0.0088,0.0098,0.0098,0.0108,0.0098,0.0098,0.0098,0.0118,0.0098,0.0098,0.0098,0.0008,0.0018,0.0788,0.0738,0.0528,0.0488,0.0458,0.0358,0.0478,0.0398,0.0598,0.0468,0.0488,0.0468,0.0468,0.0458,0.0008,0.0028,0.0078,0.0098,0.0098,0.0098,0.0118,0.0108,0.0138,0.0118,0.0348,0.0218,0.0978,0.0428,0.1138,0.1358
5:05:02,0.0032,0.0042,0.0082,0.0062,0.0092,0.0132,0.0082,0.0092,0.0092,0.0132,0.0932,0.0202,0.1542,0.0842,0.1532,0.1682,0.0022,0.0032,0.0052,0.0082,0.0072,0.0082,0.0082,0.0082,0.0092,0.0132,0.0092,0.0112,0.0152,0.0092,0.0092,0.0102,0.0002,-0.0018,0.1222,0.1092,0.0902,0.0922,0.0832,0.0802,0.0792,0.0912,0.0822,0.0912,0.0902,0.0802,0.0832,0.0722,0.0028,0.0018,0.0088,0.0088,0.0088,0.0088,0.0098,0.0098,0.0128,0.0118,0.0108,0.0108,0.0138,0.0108,0.0118,0.0108,0.0008,0.0018,0.1158,0.1268,0.0998,0.0708,0.0728,0.0518,0.0878,0.0698,0.0888,0.0708,0.0948,0.0888,0.0898,0.0838,0.0008,0.0028,0.0078,0.0098,0.0098,0.0098,0.0108,0.0098,0.0128,0.0108,0.0158,0.0138,0.0478,0.0228,0.1448,0.1738
5:35:02,0.0032,0.0042,0.0082,0.0062,0.0092,0.0132,0.0082,0.0092,0.0092,0.0122,0.0462,0.0132,0.1442,0.0332,0.1942,0.2142,0.0022,0.0032,0.0052,0.0082,0.0072,0.0072,0.0082,0.0082,0.0112,0.0152,0.0122,0.0132,0.0172,0.0112,0.0122,0.0122,0.0002,-0.0018,0.1832,0.1542,0.1342,0.1282,0.1212,0.1252,0.1222,0.1362,0.1292,0.1442,0.1272,0.1202,0.1232,0.1112,0.0018,0.0018,0.0088,0.0088,0.0088,0.0088,0.0098,0.0098,0.0148,0.0138,0.0138,0.0138,0.0158,0.0138,0.0138,0.0138,0.0008,0.0018,0.1798,0.1858,0.1528,0.1108,0.1118,0.0748,0.1288,0.1008,0.1268,0.1068,0.1478,0.1358,0.1338,0.1248,0.0008,0.0028,0.0078,0.0098,0.0098,0.0098,0.0108,0.0098,0.0128,0.0108,0.0128,0.0128,0.0208,0.0158,0.1838,0.2168
6:05:02,0.0032,0.0052,0.0082,0.0062,0.0092,0.0132,0.0082,0.0092,0.0082,0.0112,0.0202,0.0122,0.0862,0.0182,0.2512,0.2752,0.0022,0.0032,0.0062,0.0082,0.0072,0.0082,0.0082,0.0092,0.0152,0.0162,0.0172,0.0152,0.0212,0.0152,0.0162,0.0162,0.0002,-0.0008,0.2252,0.2002,0.1822,0.1772,0.1662,0.1802,0.2022,0.1822,0.1732,0.1912,0.1642,0.1652,0.1682,0.1582,0.0028,0.0018,0.0088,0.0088,0.0088,0.0088,0.0098,0.0098,0.0178,0.0168,0.0188,0.0168,0.0208,0.0188,0.0178,0.0178,0.0008,0.0018,0.2488,0.2458,0.2088,0.1848,0.1618,0.1068,0.1728,0.1368,0.1688,0.1428,0.1878,0.1848,0.1778,0.1588,0.0008,0.0028,0.0078,0.0098,0.0098,0.0098,0.0108,0.0098,0.0128,0.0108,0.0128,0.0128,0.0158,0.0158,0.2388,0.2768
6:35:02,0.0032,0.0052,0.0082,0.0072,0.0092,0.0132,0.0082,0.0092,0.0092,0.0112,0.0172,0.0122,0.0312,0.0192,0.3072,0.3372,0.0022,0.0042,0.0062,0.0082,0.0072,0.0082,0.0082,0.0092,0.0192,0.0152,0.0252,0.0172,0.0292,0.0232,0.0242,0.0232,0.0012,-0.0008,0.2792,0.2682,0.2412,0.2322,0.2172,0.2422,0.2462,0.2322,0.2202,0.2432,0.2152,0.2162,0.2192,0.2122,0.0028,0.0018,0.0088,0.0088,0.0088,0.0088,0.0098,0.0098,0.0178,0.0198,0.0258,0.0208,0.0288,0.0268,0.0248,0.0258,0.0008,0.0018,0.3118,0.3148,0.2628,0.2648,0.2178,0.1468,0.2228,0.1788,0.2178,0.1828,0.2378,0.2308,0.2268,0.1978,0.0008,0.0038,0.0078,0.0098,0.0098,0.0098,0.0118,0.0098,0.0128,0.0108,0.0128,0.0128,0.0148,0.0158,0.2948,0.3378
7:05:02,0.0032,0.0052,0.0082,0.0062,0.0092,0.0132,0.0082,0.0092,0.0082,0.0112,0.0162,0.0122,0.0242,0.0182,0.3412,0.3692,0.0022,0.0042,0.0062,0.0082,0.0072,0.0072,0.0072,0.0082,0.0182,0.0142,0.0362,0.0152,0.0422,0.0332,0.0372,0.0332,0.0002,-0.0008,0.3422,0.3332,0.3022,0.2862,0.2682,0.3002,0.2962,0.2842,0.2782,0.2922,0.2772,0.2672,0.2732,0.2642,0.0028,0.0018,0.0088,0.0088,0.0088,0.0088,0.0098,0.0098,0.0138,0.0158,0.0228,0.0228,0.0418,0.0378,0.0368,0.0378,0.0008,0.0018,0.3678,0.3768,0.3108,0.3148,0.2748,0.1938,0.2728,0.2288,0.2728,0.2318,0.2898,0.2788,0.2768,0.2428,0.0008,0.0028,0.0078,0.0098,0.0098,0.0098,0.0118,0.0108,0.0128,0.0108,0.0128,0.0128,0.0148,0.0158,0.3328,0.3728
7:35:02,0.0032,0.0052,0.0082,0.0062,0.0092,0.0132,0.0082,0.0092,0.0082,0.0112,0.0152,0.0122,0.0222,0.0182,0.3652,0.3842,0.0022,0.0042,0.0062,0.0082,0.0072,0.0082,0.0072,0.0082,0.0112,0.0132,0.0522,0.0152,0.0592,0.0532,0.0562,0.0492,0.0012,-0.0008,0.3912,0.4032,0.3542,0.3382,0.3172,0.3472,0.3582,0.3472,0.3352,0.3402,0.3342,0.3182,0.3222,0.3142,0.0028,0.0028,0.0098,0.0088,0.0088,0.0088,0.0088,0.0088,0.0128,0.0128,0.0158,0.0228,0.0588,0.0598,0.0538,0.0548,0.0008,0.0018,0.4118,0.4098,0.3538,0.3588,0.3298,0.2468,0.3298,0.2828,0.3248,0.2898,0.3398,0.3278,0.3258,0.2868,0.0008,0.0028,0.0078,0.0098,0.0108,0.0098,0.0118,0.0108,0.0128,0.0108,0.0128,0.0128,0.0148,0.0148,0.3578,0.3938
8:05:02,0.0032,0.0052,0.0082,0.0072,0.0092,0.0132,0.0082,0.0092,0.0082,0.0112,0.0152,0.0112,0.0212,0.0172,0.3762,0.3932,0.0022,0.0042,0.0062,0.0082,0.0072,0.0082,0.0072,0.0082,0.0092,0.0122,0.0822,0.0122,0.0812,0.0882,0.0842,0.0812,0.0002,-0.0008,0.4422,0.4682,0.4152,0.3752,0.3582,0.3822,0.4372,0.3832,0.3762,0.3702,0.3812,0.3612,0.3622,0.3602,0.0028,0.0028,0.0098,0.0088,0.0088,0.0088,0.0088,0.0088,0.0118,0.0118,0.0148,0.0158,0.0838,0.0998,0.0778,0.0808,0.0008,0.0018,0.4468,0.4498,0.3828,0.4238,0.3708,0.2978,0.3798,0.3278,0.3608,0.3388,0.3778,0.3708,0.3698,0.3268,0.0008,0.0028,0.0078,0.0098,0.0098,0.0098,0.0118,0.0108,0.0128,0.0108,0.0128,0.0128,0.0148,0.0148,0.3698,0.4048
8:35:02,0.0032,0.0052,0.0082,0.0072,0.0092,0.0132,0.0082,0.0092,0.0082,0.0112,0.0152,0.0122,0.0212,0.0172,0.3732,0.3922,0.0022,0.0042,0.0062,0.0082,0.0072,0.0082,0.0072,0.0082,0.0092,0.0122,0.1132,0.0112,0.1092,0.1452,0.1252,0.1312,0.0012,-0.0008,0.4742,0.4992,0.4562,0.4092,0.3932,0.4192,0.4542,0.4172,0.4052,0.4072,0.4182,0.3892,0.3912,0.3852,0.0028,0.0028,0.0098,0.0098,0.0088,0.0088,0.0088,0.0088,0.0118,0.0118,0.0118,0.0128,0.1158,0.1378,0.1048,0.1128,0.0008,0.0028,0.4568,0.4658,0.4098,0.4728,0.4018,0.3428,0.4238,0.3748,0.3938,0.3898,0.4128,0.4138,0.4028,0.3628,0.0008,0.0028,0.0088,0.0108,0.0108,0.0108,0.0118,0.0108,0.0128,0.0108,0.0128,0.0128,0.0148,0.0148,0.3708,0.3988
9:05:02,0.0032,0.0052,0.0082,0.0072,0.0092,0.0122,0.0082,0.0092,0.0082,0.0112,0.0152,0.0122,0.0202,0.0172,0.3722,0.3892,0.0022,0.0042,0.0062,0.0082,0.0072,0.0082,0.0072,0.0082,0.0092,0.0122,0.0872,0.0102,0.1362,0.2132,0.1772,0.1932,0.0002,-0.0008,0.4772,0.5012,0.4552,0.4262,0.4132,0.4292,0.4602,0.4322,0.4162,0.4172,0.4382,0.4082,0.4112,0.4052,0.0028,0.0028,0.0098,0.0098,0.0088,0.0098,0.0098,0.0088,0.0118,0.0118,0.0128,0.0128,0.1658,0.1128,0.1338,0.1478,0.0018,0.0028,0.4548,0.4668,0.4258,0.4948,0.4198,0.3758,0.4418,0.4138,0.4148,0.4368,0.4338,0.4448,0.4278,0.3898,0.0008,0.0028,0.0088,0.0108,0.0108,0.0108,0.0118,0.0108,0.0128,0.0108,0.0128,0.0128,0.0148,0.0148,0.3708,0.3938
9:35:02,0.0032,0.0052,0.0082,0.0072,0.0092,0.0132,0.0082,0.0092,0.0082,0.0112,0.0142,0.0112,0.0202,0.0172,0.3702,0.3872,0.0022,0.0032,0.0062,0.0082,0.0072,0.0082,0.0072,0.0082,0.0092,0.0122,0.0302,0.0102,0.1492,0.2682,0.2442,0.2612,0.0012,-0.0008,0.4752,0.4972,0.4472,0.4302,0.4162,0.4302,0.4482,0.4302,0.4182,0.4172,0.4392,0.4132,0.4132,0.4112,0.0028,0.0028,0.0098,0.0098,0.0088,0.0098,0.0098,0.0098,0.0118,0.0118,0.0128,0.0128,0.1438,0.0468,0.1668,0.1828,0.0008,0.0018,0.4598,0.4718,0.4268,0.4928,0.4208,0.4018,0.4378,0.4298,0.4188,0.4448,0.4308,0.4468,0.4298,0.4048,0.0008,0.0028,0.0088,0.0108,0.0108,0.0108,0.0118,0.0108,0.0128,0.0108,0.0128,0.0138,0.0148,0.0158,0.3678,0.3908
10:05:02,0.0032,0.0052,0.0082,0.0072,0.0092,0.0132,0.0082,0.0092,0.0092,0.0112,0.0142,0.0122,0.0202,0.0172,0.3672,0.3822,0.0032,0.0032,0.0062,0.0092,0.0072,0.0082,0.0072,0.0082,0.0092,0.0122,0.0202,0.0102,0.1182,0.2712,0.3232,0.3232,0.0012,-0.0008,0.4782,0.4962,0.4482,0.4402,0.4192,0.4322,0.4472,0.4292,0.4172,0.4172,0.4352,0.4112,0.4082,0.4092,0.0028,0.0028,0.0098,0.0098,0.0088,0.0098,0.0098,0.0098,0.0118,0.0118,0.0128,0.0128,0.0618,0.0258,0.1988,0.2188,0.0018,0.0028,0.4718,0.4848,0.4258,0.4818,0.4158,0.4148,0.4328,0.4308,0.4138,0.4398,0.4238,0.4428,0.4228,0.4068,0.0008,0.0038,0.0088,0.0108,0.0108,0.0108,0.0118,0.0108,0.0128,0.0108,0.0128,0.0138,0.0148,0.0188,0.3678,0.3868
10:35:02,0.0042,0.0052,0.0082,0.0072,0.0102,0.0132,0.0092,0.0092,0.0092,0.0112,0.0142,0.0122,0.0202,0.0172,0.3652,0.3822,0.0032,0.0032,0.0062,0.0092,0.0082,0.0082,0.0082,0.0082,0.0092,0.0122,0.0192,0.0112,0.0552,0.2582,0.3832,0.3532,0.0012,-0.0008,0.4862,0.5012,0.4602,0.4562,0.4342,0.4482,0.4562,0.4402,0.4242,0.4292,0.4392,0.4132,0.4122,0.4092,0.0028,0.0028,0.0098,0.0098,0.0088,0.0098,0.0098,0.0098,0.0118,0.0118,0.0128,0.0138,0.0358,0.0238,0.2338,0.2508,0.0018,0.0028,0.4818,0.5038,0.4288,0.4698,0.4158,0.4138,0.4338,0.4258,0.4138,0.4388,0.4218,0.4408,0.4238,0.4048,0.0008,0.0038,0.0098,0.0108,0.0108,0.0108,0.0118,0.0108,0.0138,0.0108,0.0138,0.0138,0.0158,0.0208,0.3668,0.3808
11:05:02,0.0042,0.0062,0.0082,0.0072,0.0092,0.0132,0.0092,0.0092,0.0092,0.0112,0.0142,0.0122,0.0202,0.0172,0.3672,0.3832,0.0032,0.0032,0.0062,0.0092,0.0082,0.0082,0.0082,0.0082,0.0092,0.0122,0.0182,0.0112,0.0372,0.2402,0.4022,0.3712,0.0012,-0.0008,0.5072,0.5172,0.4872,0.4852,0.4602,0.4682,0.4752,0.4572,0.4462,0.4582,0.4492,0.4212,0.4202,0.4152,0.0028,0.0028,0.0098,0.0098,0.0088,0.0098,0.0098,0.0098,0.0118,0.0128,0.0128,0.0148,0.0318,0.0228,0.2678,0.2798,0.0018,0.0028,0.4988,0.5178,0.4398,0.4638,0.4188,0.4128,0.4368,0.4238,0.4158,0.4448,0.4258,0.4458,0.4248,0.4038,0.0008,0.0038,0.0098,0.0118,0.0108,0.0108,0.0118,0.0108,0.0138,0.0118,0.0138,0.0138,0.0158,0.0198,0.3658,0.3788
11:35:02,0.0042,0.0052,0.0082,0.0072,0.0102,0.0132,0.0092,0.0102,0.0092,0.0112,0.0142,0.0122,0.0202,0.0172,0.3712,0.3862,0.0032,0.0032,0.0062,0.0092,0.0082,0.0082,0.0082,0.0082,0.0092,0.0122,0.0182,0.0112,0.0332,0.2372,0.3932,0.3812,0.0012,-0.0008,0.5262,0.5342,0.5082,0.5022,0.4782,0.4932,0.4942,0.4722,0.4672,0.4782,0.4662,0.4352,0.4322,0.4212,0.0028,0.0028,0.0098,0.0098,0.0098,0.0098,0.0098,0.0098,0.0118,0.0128,0.0128,0.0168,0.0298,0.0228,0.2998,0.3028,0.0018,0.0028,0.5098,0.5298,0.4558,0.4628,0.4288,0.4148,0.4508,0.4268,0.4288,0.4538,0.4368,0.4528,0.4338,0.4098,0.0008,0.0038,0.0098,0.0118,0.0108,0.0108,0.0118,0.0108,0.0148,0.0118,0.0148,0.0148,0.0158,0.0198,0.3678,0.3778
12:05:02,0.0042,0.0062,0.0082,0.0072,0.0102,0.0132,0.0092,0.0102,0.0092,0.0112,0.0152,0.0122,0.0202,0.0172,0.3722,0.3882,0.0032,0.0032,0.0062,0.0092,0.0082,0.0092,0.0082,0.0092,0.0092,0.0122,0.0182,0.0112,0.0322,0.2352,0.3802,0.3752,0.0012,-0.0008,0.5402,0.5502,0.5212,0.5132,0.4922,0.5142,0.5072,0.4892,0.4812,0.4912,0.4832,0.4572,0.4432,0.4332,0.0028,0.0028,0.0098,0.0098,0.0098,0.0098,0.0098,0.0098,0.0128,0.0128,0.0128,0.0198,0.0288,0.0228,0.3188,0.3158,0.0018,0.0028,0.5188,0.5388,0.4698,0.4648,0.4428,0.4178,0.4638,0.4338,0.4428,0.4668,0.4478,0.4678,0.4458,0.4188,0.0008,0.0038,0.0108,0.0128,0.0118,0.0118,0.0118,0.0108,0.0148,0.0118,0.0158,0.0148,0.0158,0.0198,0.3658,0.3758
12:35:02,0.0042,0.0062,0.0092,0.0072,0.0102,0.0132,0.0092,0.0102,0.0092,0.0112,0.0152,0.0122,0.0202,0.0172,0.3752,0.3902,0.0032,0.0032,0.0062,0.0092,0.0082,0.0092,0.0082,0.0092,0.0092,0.0122,0.0182,0.0112,0.0322,0.2372,0.3672,0.3602,0.0012,-0.0008,0.5502,0.5572,0.5272,0.5222,0.5032,0.5272,0.5172,0.5022,0.4922,0.5002,0.4972,0.4742,0.4572,0.4452,0.0028,0.0028,0.0098,0.0098,0.0098,0.0098,0.0098,0.0098,0.0128,0.0128,0.0128,0.0248,0.0288,0.0228,0.3168,0.3148,0.0018,0.0028,0.5248,0.5478,0.4818,0.4718,0.4598,0.4288,0.4738,0.4458,0.4578,0.4808,0.4618,0.4808,0.4598,0.4318,0.0008,0.0028,0.0108,0.0128,0.0118,0.0118,0.0118,0.0118,0.0148,0.0118,0.0158,0.0148,0.0168,0.0208,0.3658,0.3798
13:05:02,0.0032,0.0062,0.0092,0.0072,0.0112,0.0132,0.0092,0.0112,0.0102,0.0112,0.0152,0.0122,0.0202,0.0172,0.3792,0.3922,0.0032,0.0032,0.0062,0.0092,0.0082,0.0092,0.0082,0.0092,0.0092,0.0132,0.0192,0.0112,0.0322,0.2382,0.3582,0.3562,0.0012,-0.0008,0.5542,0.5602,0.5312,0.5292,0.5112,0.5352,0.5222,0.5132,0.4982,0.5062,0.5202,0.4892,0.4672,0.4552,0.0028,0.0028,0.0098,0.0098,0.0098,0.0098,0.0098,0.0098,0.0128,0.0138,0.0138,0.0338,0.0288,0.0228,0.3198,0.3168,0.0018,0.0028,0.5288,0.5538,0.4958,0.4798,0.4738,0.4398,0.4868,0.4558,0.4708,0.4908,0.4738,0.4918,0.4718,0.4438,0.0008,0.0038,0.0118,0.0138,0.0118,0.0118,0.0118,0.0118,0.0148,0.0118,0.0178,0.0158,0.0168,0.0208,0.3678,0.3818
13:35:02,0.0042,0.0062,0.0092,0.0072,0.0122,0.0132,0.0092,0.0112,0.0102,0.0122,0.0152,0.0122,0.0202,0.0172,0.3832,0.3962,0.0032,0.0032,0.0062,0.0092,0.0082,0.0092,0.0082,0.0092,0.0092,0.0132,0.0192,0.0112,0.0322,0.2522,0.3622,0.3592,0.0012,-0.0008,0.5562,0.5612,0.5332,0.5322,0.5152,0.5402,0.5262,0.5212,0.5042,0.5102,0.5442,0.4972,0.4782,0.4662,0.0028,0.0028,0.0098,0.0098,0.0098,0.0098,0.0098,0.0098,0.0128,0.0138,0.0138,0.0478,0.0298,0.0228,0.3278,0.3258,0.0018,0.0028,0.5338,0.5598,0.5048,0.4868,0.4878,0.4508,0.4988,0.4658,0.4828,0.5018,0.4848,0.5018,0.4828,0.4558,0.0008,0.0038,0.0118,0.0148,0.0118,0.0118,0.0118,0.0118,0.0158,0.0128,0.0188,0.0168,0.0178,0.0228,0.3698,0.3828
14:05:02,0.0032,0.0062,0.0092,0.0072,0.0122,0.0132,0.0092,0.0112,0.0102,0.0112,0.0152,0.0122,0.0202,0.0172,0.3872,0.3992,0.0032,0.0032,0.0062,0.0092,0.0082,0.0092,0.0082,0.0092,0.0092,0.0132,0.0192,0.0112,0.0322,0.2532,0.3672,0.3672,0.0012,-0.0008,0.5562,0.5612,0.5332,0.5352,0.5172,0.5422,0.5272,0.5282,0.5052,0.5122,0.5682,0.5022,0.4862,0.4732,0.0028,0.0028,0.0098,0.0098,0.0098,0.0098,0.0098,0.0098,0.0128,0.0128,0.0138,0.0628,0.0298,0.0228,0.3388,0.3398,0.0018,0.0028,0.5358,0.5658,0.5128,0.4928,0.4998,0.4628,0.5078,0.4758,0.4928,0.5118,0.4918,0.5088,0.4908,0.4668,0.0008,0.0038,0.0128,0.0158,0.0118,0.0118,0.0118,0.0128,0.0168,0.0128,0.0218,0.0168,0.0188,0.0238,0.3718,0.3848
14:35:02,0.0042,0.0062,0.0102,0.0072,0.0132,0.0132,0.0092,0.0122,0.0112,0.0122,0.0162,0.0132,0.0212,0.0172,0.3912,0.4022,0.0032,0.0032,0.0062,0.0092,0.0082,0.0092,0.0082,0.0092,0.0092,0.0132,0.0192,0.0112,0.0322,0.2512,0.3772,0.3762,0.0012,-0.0008,0.5572,0.5612,0.5332,0.5362,0.5182,0.5442,0.5272,0.5302,0.5072,0.5152,0.5972,0.5052,0.4922,0.4782,0.0028,0.0028,0.0108,0.0098,0.0108,0.0098,0.0098,0.0098,0.0118,0.0138,0.0148,0.0798,0.0298,0.0238,0.3508,0.3528,0.0018,0.0028,0.5388,0.5678,0.5208,0.4978,0.5078,0.4708,0.5178,0.4848,0.5018,0.5178,0.4968,0.5148,0.4968,0.4738,0.0008,0.0038,0.0128,0.0178,0.0128,0.0128,0.0128,0.0128,0.0188,0.0128,0.0258,0.0178,0.0218,0.0258,0.3748,0.3878
15:05:02,0.0042,0.0062,0.0102,0.0072,0.0132,0.0142,0.0102,0.0132,0.0122,0.0122,0.0172,0.0132,0.0212,0.0172,0.3942,0.4022,0.0032,0.0032,0.0062,0.0092,0.0082,0.0092,0.0082,0.0092,0.0092,0.0132,0.0192,0.0112,0.0332,0.2482,0.3842,0.3852,0.0012,-0.0008,0.5562,0.5612,0.5312,0.5382,0.5202,0.5452,0.5272,0.5332,0.5072,0.5162,0.6152,0.5072,0.4952,0.4832,0.0028,0.0028,0.0108,0.0098,0.0108,0.0098,0.0098,0.0098,0.0128,0.0138,0.0158,0.1018,0.0308,0.0238,0.3628,0.3638,0.0018,0.0028,0.5418,0.5718,0.5258,0.5048,0.5158,0.4818,0.5238,0.4928,0.5088,0.5248,0.5038,0.5208,0.5038,0.4818,0.0008,0.0038,0.0138,0.0188,0.0128,0.0128,0.0128,0.0148,0.0208,0.0138,0.0308,0.0188,0.0268,0.0268,0.3778,0.3908
15:35:02,0.0042,0.0062,0.0102,0.0072,0.0132,0.0142,0.0102,0.0142,0.0132,0.0122,0.0172,0.0132,0.0222,0.0172,0.3952,0.4042,0.0032,0.0032,0.0062,0.0092,0.0082,0.0092,0.0082,0.0092,0.0102,0.0132,0.0192,0.0112,0.0332,0.2482,0.3902,0.3902,0.0012,-0.0008,0.5562,0.5602,0.5322,0.5382,0.5192,0.5462,0.5272,0.5322,0.5082,0.5172,0.6422,0.5082,0.5012,0.4862,0.0028,0.0028,0.0108,0.0098,0.0108,0.0098,0.0098,0.0098,0.0128,0.0138,0.0168,0.1338,0.0308,0.0238,0.3738,0.3728,0.0018,0.0028,0.5438,0.5738,0.5298,0.5088,0.5198,0.4898,0.5288,0.4998,0.5138,0.5288,0.5088,0.5248,0.5078,0.4868,0.0008,0.0038,0.0148,0.0208,0.0128,0.0138,0.0128,0.0158,0.0248,0.0148,0.0378,0.0188,0.0338,0.0268,0.3808,0.3928
16:05:02,0.0042,0.0062,0.0112,0.0072,0.0132,0.0142,0.0102,0.0152,0.0152,0.0122,0.0192,0.0132,0.0232,0.0172,0.3962,0.4042,0.0032,0.0032,0.0062,0.0092,0.0082,0.0092,0.0082,0.0092,0.0102,0.0142,0.0192,0.0122,0.0332,0.2492,0.3942,0.3982,0.0012,-0.0008,0.5562,0.5622,0.5312,0.5392,0.5192,0.5452,0.5252,0.5342,0.5082,0.5162,0.6672,0.5082,0.5052,0.4882,0.0028,0.0028,0.0108,0.0108,0.0108,0.0108,0.0108,0.0098,0.0128,0.0138,0.0168,0.1808,0.0308,0.0238,0.3808,0.3788,0.0018,0.0028,0.5468,0.5748,0.5338,0.5138,0.5228,0.4958,0.5308,0.5048,0.5168,0.5318,0.5118,0.5278,0.5118,0.4918,0.0008,0.0038,0.0148,0.0208,0.0138,0.0148,0.0138,0.0188,0.0288,0.0158,0.0458,0.0208,0.0428,0.0268,0.3828,0.3958
16:35:02,0.0042,0.0062,0.0112,0.0072,0.0122,0.0152,0.0102,0.0172,0.0182,0.0122,0.0222,0.0132,0.0252,0.0172,0.3952,0.4022,0.0032,0.0032,0.0062,0.0092,0.0082,0.0092,0.0082,0.0092,0.0102,0.0132,0.0192,0.0122,0.0332,0.2492,0.3982,0.4012,0.0012,-0.0008,0.5562,0.5622,0.5312,0.5402,0.5182,0.5452,0.5202,0.5382,0.5062,0.5162,0.6972,0.5102,0.5072,0.4882,0.0028,0.0028,0.0108,0.0108,0.0108,0.0108,0.0108,0.0098,0.0128,0.0138,0.0178,0.2408,0.0308,0.0248,0.3848,0.3828,0.0018,0.0028,0.5478,0.5768,0.5368,0.5158,0.5238,0.5018,0.5328,0.5098,0.5188,0.5328,0.5138,0.5298,0.5148,0.4968,0.0008,0.0038,0.0138,0.0228,0.0138,0.0148,0.0138,0.0238,0.0358,0.0178,0.0548,0.0218,0.0538,0.0258,0.3848,0.3978
17:05:02,0.0042,0.0062,0.0122,0.0082,0.0122,0.0152,0.0102,0.0192,0.0222,0.0122,0.0282,0.0132,0.0272,0.0172,0.3962,0.4012,0.0032,0.0032,0.0062,0.0092,0.0082,0.0092,0.0082,0.0092,0.0102,0.0132,0.0202,0.0122,0.0332,0.2502,0.3982,0.4032,0.0012,0.0002,0.5552,0.5622,0.5302,0.5402,0.5172,0.5432,0.5162,0.5402,0.5062,0.5182,0.7202,0.5102,0.5082,0.4902,0.0028,0.0028,0.0108,0.0108,0.0108,0.0108,0.0108,0.0098,0.0128,0.0128,0.0178,0.3058,0.0318,0.0248,0.3888,0.3848,0.0018,0.0028,0.5508,0.5788,0.5388,0.5198,0.5258,0.5048,0.5338,0.5128,0.5188,0.5348,0.5158,0.5318,0.5168,0.4978,0.0018,0.0038,0.0138,0.0248,0.0148,0.0158,0.0138,0.0308,0.0438,0.0218,0.0658,0.0238,0.0688,0.0248,0.3868,0.4008
17:35:02,0.0042,0.0062,0.0122,0.0072,0.0122,0.0162,0.0102,0.0222,0.0272,0.0122,0.0362,0.0132,0.0292,0.0172,0.3962,0.4012,0.0032,0.0032,0.0062,0.0092,0.0082,0.0092,0.0082,0.0092,0.0102,0.0132,0.0202,0.0122,0.0332,0.2492,0.3992,0.4032,0.0012,0.0002,0.5552,0.5622,0.5292,0.5402,0.5152,0.5422,0.5172,0.5412,0.5052,0.5182,0.7362,0.5092,0.5092,0.4912,0.0028,0.0028,0.0108,0.0108,0.0108,0.0108,0.0108,0.0098,0.0128,0.0128,0.0178,0.3388,0.0318,0.0248,0.3918,0.3868,0.0018,0.0028,0.5528,0.5788,0.5418,0.5228,0.5258,0.5098,0.5348,0.5168,0.5208,0.5358,0.5168,0.5328,0.5178,0.5008,0.0018,0.0038,0.0148,0.0278,0.0148,0.0168,0.0148,0.0418,0.0548,0.0278,0.0828,0.0258,0.0888,0.0238,0.3878,0.4008
18:05:02,0.0042,0.0062,0.0132,0.0082,0.0122,0.0182,0.0102,0.0272,0.0322,0.0122,0.0442,0.0132,0.0342,0.0172,0.3952,0.3982,0.0032,0.0032,0.0062,0.0092,0.0082,0.0092,0.0082,0.0092,0.0112,0.0132,0.0202,0.0132,0.0332,0.2492,0.4012,0.4042,0.0012,-0.0008,0.5552,0.5612,0.5282,0.5402,0.5142,0.5402,0.5172,0.5402,0.5052,0.5172,0.7462,0.5082,0.5092,0.4892,0.0028,0.0028,0.0108,0.0108,0.0108,0.0108,0.0108,0.0108,0.0128,0.0128,0.0178,0.3718,0.0318,0.0248,0.3928,0.3888,0.0018,0.0028,0.5528,0.5788,0.5398,0.5248,0.5258,0.5118,0.5328,0.5198,0.5208,0.5348,0.5168,0.5318,0.5178,0.5018,0.0018,0.0038,0.0158,0.0318,0.0148,0.0188,0.0148,0.0538,0.0678,0.0368,0.1078,0.0288,0.1108,0.0228,0.3878,0.4008
18:35:02,0.0042,0.0062,0.0142,0.0082,0.0122,0.0192,0.0102,0.0342,0.0362,0.0132,0.0502,0.0132,0.0392,0.0172,0.3962,0.3972,0.0032,0.0042,0.0062,0.0092,0.0082,0.0092,0.0082,0.0092,0.0112,0.0132,0.0202,0.0132,0.0332,0.2472,0.4022,0.4052,0.0012,0.0002,0.5552,0.5612,0.5282,0.5402,0.5142,0.5382,0.5182,0.5422,0.5052,0.5172,0.7572,0.5082,0.5092,0.4912,0.0038,0.0028,0.0108,0.0108,0.0108,0.0108,0.0108,0.0098,0.0138,0.0128,0.0178,0.3908,0.0328,0.0248,0.3948,0.3908,0.0018,0.0028,0.5548,0.5798,0.5418,0.5268,0.5268,0.5148,0.5338,0.5218,0.5208,0.5348,0.5188,0.5328,0.5198,0.5048,0.0018,0.0038,0.0168,0.0338,0.0158,0.0218,0.0158,0.0648,0.0858,0.0478,0.1408,0.0318,0.1368,0.0218,0.3888,0.4018
19:05:02,0.0042,0.0062,0.0142,0.0082,0.0112,0.0212,0.0102,0.0432,0.0402,0.0132,0.0492,0.0142,0.0462,0.0172,0.3942,0.3952,0.0032,0.0042,0.0062,0.0092,0.0082,0.0092,0.0082,0.0092,0.0112,0.0132,0.0202,0.0132,0.0332,0.2452,0.4002,0.4042,0.0012,-0.0008,0.5552,0.5622,0.5272,0.5412,0.5132,0.5372,0.5182,0.5422,0.5042,0.5172,0.7652,0.5082,0.5102,0.4912,0.0038,0.0028,0.0108,0.0098,0.0108,0.0108,0.0108,0.0098,0.0138,0.0128,0.0168,0.4028,0.0328,0.0248,0.3948,0.3908,0.0018,0.0028,0.5558,0.5798,0.5418,0.5278,0.5258,0.5158,0.5328,0.5238,0.5208,0.5348,0.5158,0.5328,0.5188,0.5048,0.0008,0.0038,0.0188,0.0338,0.0158,0.0238,0.0158,0.0708,0.1098,0.0618,0.1828,0.0368,0.1688,0.0218,0.3888,0.4018
19:35:02,0.0042,0.0062,0.0152,0.0082,0.0122,0.0232,0.0112,0.0522,0.0452,0.0132,0.0482,0.0152,0.0542,0.0182,0.3942,0.3942,0.0032,0.0042,0.0072,0.0092,0.0082,0.0092,0.0082,0.0092,0.0112,0.0142,0.0202,0.0142,0.0342,0.2432,0.4002,0.4042,0.0012,0.0002,0.5542,0.5612,0.5272,0.5402,0.5142,0.5372,0.5182,0.5422,0.5032,0.5162,0.7762,0.5082,0.5102,0.4922,0.0038,0.0028,0.0108,0.0098,0.0108,0.0108,0.0108,0.0098,0.0138,0.0128,0.0168,0.4028,0.0328,0.0258,0.3968,0.3918,0.0018,0.0028,0.5568,0.5798,0.5418,0.5298,0.5268,0.5178,0.5318,0.5248,0.5208,0.5328,0.5168,0.5318,0.5178,0.5048,0.0018,0.0038,0.0208,0.0308,0.0168,0.0268,0.0168,0.0708,0.1368,0.0778,0.2318,0.0428,0.2078,0.0218,0.3888,0.4018
20:05:02,0.0042,0.0062,0.0162,0.0092,0.0122,0.0272,0.0112,0.0652,0.0522,0.0132,0.0502,0.0162,0.0642,0.0182,0.3942,0.3922,0.0032,0.0042,0.0072,0.0092,0.0082,0.0092,0.0082,0.0092,0.0122,0.0142,0.0202,0.0142,0.0342,0.2402,0.4022,0.4032,0.0012,0.0002,0.5542,0.5602,0.5272,0.5402,0.5122,0.5352,0.5182,0.5412,0.5022,0.5152,0.7832,0.5072,0.5102,0.4932,0.0038,0.0028,0.0108,0.0108,0.0108,0.0108,0.0108,0.0108,0.0148,0.0128,0.0168,0.4048,0.0328,0.0258,0.3968,0.3918,0.0018,0.0028,0.5578,0.5808,0.5418,0.5298,0.5258,0.5178,0.5318,0.5268,0.5208,0.5338,0.5178,0.5318,0.5188,0.5058,0.0018,0.0038,0.0228,0.0278,0.0168,0.0298,0.0168,0.0748,0.1548,0.1008,0.2798,0.0498,0.2448,0.0218,0.3898,0.4028
20:35:02,0.0042,0.0062,0.0182,0.0092,0.0122,0.0342,0.0122,0.0792,0.0612,0.0132,0.0532,0.0182,0.0742,0.0182,0.3932,0.3922,0.0032,0.0042,0.0072,0.0092,0.0082,0.0092,0.0082,0.0092,0.0122,0.0142,0.0202,0.0142,0.0342,0.2382,0.4012,0.4032,0.0012,0.0002,0.5522,0.5592,0.5262,0.5392,0.5112,0.5332,0.5162,0.5402,0.5022,0.5152,0.7892,0.5062,0.5112,0.4952,0.0038,0.0028,0.0098,0.0098,0.0108,0.0108,0.0108,0.0108,0.0148,0.0138,0.0168,0.4048,0.0338,0.0268,0.3978,0.3928,0.0018,0.0028,0.5578,0.5808,0.5398,0.5308,0.5248,0.5188,0.5308,0.5288,0.5218,0.5338,0.5178,0.5318,0.5198,0.5068,0.0018,0.0038,0.0258,0.0248,0.0178,0.0328,0.0178,0.0828,0.1768,0.1298,0.3108,0.0628,0.2728,0.0228,0.3908,0.4038
21:05:02,0.0042,0.0062,0.0192,0.0102,0.0122,0.0502,0.0132,0.0982,0.0742,0.0142,0.0612,0.0202,0.0852,0.0182,0.3932,0.3942,0.0032,0.0042,0.0072,0.0092,0.0082,0.0092,0.0082,0.0092,0.0122,0.0152,0.0202,0.0142,0.0342,0.2352,0.4012,0.4022,0.0012,0.0002,0.5522,0.5592,0.5262,0.5382,0.5102,0.5332,0.5152,0.5402,0.5012,0.5152,0.7972,0.5052,0.5102,0.4952,0.0038,0.0028,0.0108,0.0108,0.0108,0.0108,0.0108,0.0108,0.0148,0.0138,0.0168,0.4038,0.0338,0.0288,0.3978,0.3928,0.0018,0.0028,0.5568,0.5798,0.5398,0.5308,0.5238,0.5188,0.5308,0.5288,0.5208,0.5318,0.5178,0.5308,0.5198,0.5078,0.0018,0.0038,0.0278,0.0248,0.0188,0.0358,0.0188,0.0908,0.1978,0.1488,0.3248,0.0798,0.2838,0.0248,0.3908,0.4038
21:35:02,0.0042,0.0062,0.0212,0.0112,0.0122,0.0742,0.0132,0.1212,0.0942,0.0142,0.0702,0.0232,0.0972,0.0182,0.3922,0.4002,0.0032,0.0042,0.0072,0.0092,0.0082,0.0102,0.0082,0.0092,0.0122,0.0152,0.0212,0.0142,0.0342,0.2312,0.3992,0.3992,0.0012,0.0002,0.5502,0.5592,0.5242,0.5372,0.5072,0.5312,0.5132,0.5382,0.5002,0.5132,0.7982,0.5042,0.5092,0.4942,0.0038,0.0028,0.0108,0.0108,0.0108,0.0108,0.0108,0.0108,0.0158,0.0138,0.0168,0.4068,0.0338,0.0318,0.3968,0.3928,0.0018,0.0028,0.5558,0.5788,0.5378,0.5308,0.5218,0.5188,0.5278,0.5288,0.5188,0.5298,0.5148,0.5288,0.5188,0.5068,0.0018,0.0038,0.0308,0.0238,0.0198,0.0378,0.0198,0.1008,0.2128,0.1598,0.3328,0.1038,0.2928,0.0278,0.3908,0.4038
22:05:02,0.0042,0.0062,0.0242,0.0122,0.0122,0.0972,0.0142,0.1482,0.1192,0.0152,0.0802,0.0272,0.1132,0.0192,0.3912,0.4072,0.0032,0.0042,0.0072,0.0092,0.0082,0.0102,0.0082,0.0092,0.0122,0.0162,0.0212,0.0152,0.0342,0.2282,0.3982,0.3982,0.0012,0.0002,0.5482,0.5562,0.5232,0.5352,0.5062,0.5292,0.5122,0.5362,0.4992,0.5122,0.8022,0.5022,0.5072,0.4942,0.0038,0.0028,0.0108,0.0108,0.0108,0.0108,0.0108,0.0108,0.0158,0.0138,0.0168,0.4088,0.0348,0.0358,0.3968,0.3918,0.0028,0.0028,0.5548,0.5788,0.5378,0.5298,0.5218,0.5178,0.5268,0.5298,0.5188,0.5298,0.5148,0.5278,0.5168,0.5058,0.0018,0.0038,0.0338,0.0248,0.0208,0.0368,0.0208,0.1168,0.2208,0.1748,0.3338,0.1338,0.2948,0.0318,0.3908,0.4048
22:35:02,0.0042,0.0062,0.0272,0.0132,0.0122,0.1052,0.0152,0.1812,0.1292,0.0152,0.0872,0.0312,0.1282,0.0192,0.3902,0.4132,0.0032,0.0042,0.0072,0.0092,0.0082,0.0102,0.0082,0.0092,0.0122,0.0172,0.0212,0.0142,0.0342,0.2252,0.3972,0.3972,0.0012,0.0002,0.5462,0.5562,0.5212,0.5342,0.5042,0.5272,0.5092,0.5342,0.4972,0.5112,0.8042,0.5012,0.5072,0.4932,0.0038,0.0028,0.0108,0.0108,0.0108,0.0108,0.0108,0.0108,0.0168,0.0138,0.0168,0.4108,0.0348,0.0418,0.3958,0.3918,0.0018,0.0028,0.5528,0.5778,0.5348,0.5288,0.5208,0.5168,0.5258,0.5288,0.5168,0.5278,0.5148,0.5268,0.5168,0.5038,0.0018,0.0038,0.0378,0.0238,0.0228,0.0348,0.0218,0.1448,0.2188,0.1878,0.3288,0.1678,0.2948,0.0378,0.3908,0.4038
23:05:02,0.0042,0.0062,0.0302,0.0152,0.0122,0.0962,0.0172,0.2162,0.1362,0.0162,0.0952,0.0372,0.1392,0.0192,0.3892,0.4252,0.0032,0.0042,0.0072,0.0092,0.0082,0.0102,0.0082,0.0092,0.0132,0.0192,0.0212,0.0152,0.0342,0.2222,0.3962,0.3962,0.0012,0.0002,0.5442,0.5552,0.5222,0.5322,0.5032,0.5262,0.5082,0.5342,0.4972,0.5102,0.8072,0.5002,0.5052,0.4932,0.0038,0.0028,0.0108,0.0108,0.0108,0.0108,0.0108,0.0108,0.0168,0.0138,0.0168,0.4138,0.0358,0.0468,0.3958,0.3918,0.0018,0.0028,0.5528,0.5768,0.5328,0.5278,0.5198,0.5168,0.5248,0.5288,0.5178,0.5278,0.5128,0.5248,0.5158,0.5038,0.0018,0.0038,0.0408,0.0238,0.0248,0.0328,0.0228,0.1608,0.2188,0.2008,0.3238,0.2028,0.2948,0.0468,0.3908,0.4048
23:35:02,0.0042,0.0062,0.0342,0.0172,0.0122,0.0812,0.0192,0.2532,0.1482,0.0172,0.1012,0.0422,0.1482,0.0202,0.3882,0.4252,0.0032,0.0042,0.0072,0.0092,0.0082,0.0102,0.0082,0.0092,0.0132,0.0212,0.0212,0.0152,0.0342,0.2192,0.3952,0.3952,0.0012,0.0002,0.5432,0.5532,0.5202,0.5322,0.5012,0.5252,0.5082,0.5322,0.4962,0.5102,0.8072,0.5002,0.5042,0.4932,0.0038,0.0028,0.0108,0.0098,0.0108,0.0108,0.0108,0.0108,0.0168,0.0138,0.0168,0.4168,0.0378,0.0508,0.3968,0.3918,0.0018,0.0028,0.5518,0.5748,0.5328,0.5278,0.5198,0.5148,0.5238,0.5288,0.5168,0.5268,0.5128,0.5248,0.5158,0.5038,0.0018,0.0038,0.0448,0.0238,0.0278,0.0298,0.0248,0.1758,0.2178,0.2098,0.3208,0.2308,0.2958,0.0588,0.3918,0.4058